text,label
Messi dropping deeper into midfield creates overloads that help Argentina control possession,analysis
Barcelona's positional play relies on maintaining passing triangles in tight spaces,analysis
Real Madrid's counter attacking system is effective due to rapid vertical transitions,analysis
Manchester City's buildup structure uses inverted fullbacks to control midfield zones,analysis
Brazil's attacking system depends heavily on wide wingers stretching defensive lines,analysis
France's midfield balance allows smooth transition between defense and attack,analysis
England struggles against low block defenses due to limited central creativity,analysis
Italy's defensive structure emphasizes compactness and zonal marking,analysis
Germany's press is designed to force turnovers in midfield zones,analysis
Portugal relies on individual brilliance rather than structured buildup play,analysis
Set pieces account for a large percentage of goals in knockout tournaments,analysis
High pressing systems require coordinated movement across all forward players,analysis
XG metrics show some teams consistently outperform chance quality,analysis
Goalkeeper distribution now plays a critical role in modern tactical systems,analysis
Wingbacks provide both width in attack and coverage in defensive transitions,analysis
Counter pressing allows teams to recover possession immediately after loss,analysis
Teams with higher possession do not always control match outcomes,analysis
Midfield dominance often dictates tempo and rhythm of matches,analysis
Defensive lines that stay high risk vulnerability to fast counter attacks,analysis
Modern football emphasizes spatial control rather than man marking,analysis
Argentina's World Cup success was driven by tactical flexibility and adaptability,analysis
Press resistance in midfield is key to breaking high intensity pressing systems,analysis
False nine systems create numerical superiority in midfield areas,analysis
Transition speed is more important than possession in elite competitions,analysis
Teams that compact centrally force opponents into wide and low value attacks,analysis
Fullback inversion helps create midfield overloads in possession phases,analysis
Defensive midfielders now act as deep playmakers in modern football,analysis
Successful teams manage both attacking and defensive transitions efficiently,analysis
Tactical fouls are often used to disrupt opponent momentum,analysis
Wide overloads are used to break structured defensive blocks,analysis
Midfield rotations create confusion in opponent pressing schemes,analysis
Teams with structured pressing reduce opponent progression significantly,analysis
Ball progression through central channels is key to chance creation,analysis
Modern coaching emphasizes positional flexibility across all players,analysis
Teams with disciplined shape concede fewer high quality chances,analysis
Wing isolation is often used to create 1v1 attacking situations,analysis
Defensive compactness reduces space between lines effectively,analysis
Match tempo control is a critical factor in elite competition outcomes,analysis
High defensive lines require coordinated pressing triggers,analysis
Teams that switch play quickly exploit weak side defensive gaps,analysis
Expected goals models help evaluate finishing efficiency accurately,analysis
Teams that build through the thirds rely on structured passing lanes between defenders midfield and attack,analysis
A high defensive line increases pressure on opponents but risks exposure to long balls,analysis
Midfield pivot players control tempo by dictating vertical and horizontal passing options,analysis
Successful pressing systems depend on synchronized triggers rather than individual effort,analysis
Wing overloads create numerical superiority that helps break compact defenses,analysis
Transition defense is often more important than sustained possession in elite football,analysis
Modern tactics prioritize space manipulation over traditional man marking,analysis
Fullbacks now contribute significantly to chance creation in attacking phases,analysis
Ball circulation speed determines how effectively teams break defensive blocks,analysis
Counter attacking efficiency depends on first pass quality after ball recovery,analysis
False nine systems disrupt defensive marking structures by pulling center backs out of position,analysis
Expected goals models evaluate shot quality based on location and context,analysis
Compact defensive blocks reduce central penetration and force wide attacks,analysis
Teams with better rest defense structures concede fewer counter attacks,analysis
Midfield triangles are used to maintain passing stability under pressure,analysis
High pressing intensity requires excellent fitness and coordination across the front line,analysis
Switching play quickly exploits weak side defensive disorganization,analysis
Goal buildup patterns vary depending on opponent pressing intensity,analysis
Zone marking allows teams to defend space rather than individual opponents,analysis
Tactical flexibility is essential in knockout tournament football,analysis
Possession retention reduces opponent chances but does not guarantee victory,analysis
Defensive midfielders act as a shield between defense and opposition attackers,analysis
Overlapping runs from fullbacks stretch defensive structures horizontally,analysis
Central overloads create passing advantages in tight midfield spaces,analysis
Teams that dominate second balls often control match momentum,analysis
Press resistance is a key attribute for elite midfield players,analysis
Vertical passing increases attacking speed but raises turnover risk,analysis
Defensive transitions require immediate organization after losing possession,analysis
Modern football systems rely heavily on positional discipline across all zones,analysis
Attacking patterns are often pre-designed through structured coaching drills,analysis
Opposition analysis influences tactical adjustments before and during matches,analysis
Set piece routines are carefully designed to exploit defensive weaknesses,analysis
Build up play from the goalkeeper is now a standard tactical approach,analysis
Midfield spacing determines passing options in possession phases,analysis
Compactness between defensive lines reduces through ball opportunities,analysis
Attacking width stretches defensive blocks and opens central spaces,analysis
Game control is achieved through tempo manipulation and possession retention,analysis
Tactical pressing traps are used to force opponents into predictable areas,analysis
Match control depends on reducing opponent transition opportunities,analysis
Messi is clearly the greatest footballer of all time with no debate,hot_take
Ronaldo is better than Messi because he succeeded in multiple leagues,hot_take
Mbappe will surpass both Messi and Ronaldo easily in legacy,hot_take
VAR has completely ruined the flow and excitement of football,hot_take
Premier League is massively overrated compared to other European leagues,hot_take
Pep Guardiola only wins because he manages the best squads,hot_take
Cristiano Ronaldo is the most clutch player in football history,hot_take
Neymar wasted his potential by focusing too much on fame,hot_take
Haaland is just a tap-in merchant with limited skill set,hot_take
Argentina did not deserve the World Cup victory,hot_take
Real Madrid are lucky in Champions League rather than tactically superior,hot_take
England always collapses under pressure in major tournaments,hot_take
Messi needed the World Cup to prove his greatness,hot_take
Zidane is an overrated manager who got lucky with squads,hot_take
Brazil 2002 team would dominate modern football easily,hot_take
Sergio Ramos is the greatest defender in football history,hot_take
Klopp is more emotional than tactical in his coaching style,hot_take
Italy's defensive style ruins modern football entertainment,hot_take
Goalkeepers are far less important than attackers in modern football,hot_take
World Cup finals are often decided by referee bias,hot_take
Mbappe is already the best player in the world right now,hot_take
Ronaldo's international achievements outweigh Messi's club success,hot_take
Messi is overrated because he disappeared in physical leagues,hot_take
Premier League success is inflated by media hype,hot_take
VAR consistently benefits bigger clubs unfairly,hot_take
Guardiola overcomplicates simple football situations,hot_take
Neymar never reached elite level consistency,hot_take
Haaland depends entirely on service to score goals,hot_take
Argentina only won because of lucky penalties,hot_take
Real Madrid Champions League success is mostly luck based,hot_take
England players are mentally weak in knockout matches,hot_take
Messi's legacy is exaggerated by media narratives,hot_take
Ronaldo is the definition of complete footballer,hot_take
Mbappe already dominates international football completely,hot_take
Barcelona's golden era was only possible because of refereeing bias,hot_take
PSG failure proves superteams don't work,hot_take
Liverpool success is mostly due to Klopp's motivation not tactics,hot_take
Italy's defensive football is outdated and boring,hot_take
Goalkeepers have minimal impact on modern game outcomes,hot_take
World Cup is overrated compared to club football,hot_take
Messi is carried by his national team system,hot_take
Ronaldo performs better under pressure than any player ever,hot_take
Mbappe will break every scoring record easily,hot_take
VAR destroyed emotional authenticity of football,hot_take
Premier League teams are physically stronger but tactically weaker,hot_take
Pep Guardiola is system dependent and not adaptable,hot_take
Cristiano Ronaldo is the most influential athlete in football history,hot_take
Neymar is inconsistent in every major tournament,hot_take
Haaland is predictable and easy to defend against,hot_take
Argentina World Cup win was scripted by referees,hot_take
Real Madrid luck outweighs skill in UCL wins,hot_take
England's golden generation was massively overrated,hot_take
Messi cannot perform without world class teammates,hot_take
Ronaldo is the greatest goal scorer but not the greatest player,hot_take
Mbappe is already a Ballon d'Or level player every season,hot_take
Barcelona tiki taka is outdated in modern football,hot_take
PSG will never win UCL because of poor mentality,hot_take
Klopp's system is too aggressive to win consistently,hot_take
Italy 2006 was boring and defensive luck football,hot_take
Goalkeepers are irrelevant in modern attacking football,hot_take
World Cup is decided more by luck than skill,hot_take
Messi is only great because of weak league competition,hot_take
Ronaldo's legacy is stronger because of longevity and branding,hot_take
Mbappe is already carrying football globally alone,hot_take
VAR has made football robotic and emotionless,hot_take
Premier League dominance is marketing driven,hot_take
Pep Guardiola is only successful in perfect conditions,hot_take
Neymar never lived up to expectations at all,hot_take
Haaland is not technically gifted enough for elite tier,hot_take
Argentina were lucky throughout World Cup knockout stages,hot_take
Real Madrid rely too much on refereeing decisions,hot_take
Messi is the only player in history who truly mastered every aspect of football,hot_take
Ronaldo's success is mostly due to physical attributes rather than skill,hot_take
Mbappe is already outperforming legends at the same stage of their careers,hot_take
VAR has made football decisions worse and more controversial than ever,hot_take
Premier League is overrated and lacks true tactical depth,hot_take
Pep Guardiola's success is entirely dependent on having elite squads,hot_take
Cristiano Ronaldo is the most complete goal scorer the sport has ever seen,hot_take
Neymar is remembered more for marketing than actual football impact,hot_take
Haaland's scoring record is inflated by playing in dominant teams,hot_take
GOAL WHAT A FINISH I AM SHAKING,reaction
WE ARE WORLD CHAMPIONS I AM CRYING,reaction
I cannot believe that last minute goal,reaction
WHAT A SAVE THIS IS INSANE,reaction
I am completely speechless right now,reaction
This match is absolute chaos,reaction
I can't breathe after that goal,reaction
We are going to the final I am screaming,reaction
This game is unbelievable,reaction
I am emotionally destroyed,reaction
NO WAY THIS JUST HAPPENED,reaction
I am shaking after that penalty,reaction
What a comeback this is insane,reaction
This referee is ruining everything,reaction
I can't believe they missed that,reaction
This World Cup is crazy,reaction
I am crying this is too much,reaction
That goal broke me emotionally,reaction
Football is the greatest sport ever,reaction
I am in disbelief,reaction
WHAT A GOAL I AM SHOUTING,reaction
We actually did it I can't believe it,reaction
This is the worst referee decision ever,reaction
I am losing my mind right now,reaction
This match is history,reaction
I can't handle this anymore,reaction
That red card changed everything,reaction
We are champions again,reaction
I am speechless I love football,reaction
This upset is unbelievable,reaction
My heart is racing,reaction
I can't stop shaking,reaction
This is why football is emotional,reaction
I am crying tears of joy,reaction
That last minute goal destroyed me,reaction
This is football at its peak,reaction
I can't believe this result,reaction
We just witnessed history,reaction
I am completely shocked,reaction
This is too much for me,reaction
What a dramatic ending,reaction
I am broken after that loss,reaction
This is insane football,reaction
I am so happy I can't explain it,reaction
That penalty miss hurt me,reaction
This match gave me a heart attack,reaction
I can't believe this upset,reaction
We deserved this win I am crying,reaction
This team is everything to me,reaction
I am emotionally overwhelmed,reaction
What a moment in football,reaction
I can't believe what I saw,reaction
This is pure football emotion,reaction
I am shaking uncontrollably,reaction
This game is unreal,reaction
We are in the final,reaction
I am screaming right now,reaction
This is the best match ever,reaction
I am devastated,reaction
What a finish,reaction
I am still processing this,reaction
This is football magic,reaction
I can't stop crying,reaction
We did it,reaction
I am in shock,reaction
This is unforgettable,reaction
I am speechless,reaction
That goal changed everything,reaction
I love football,reaction
This is heartbreaking,reaction
I can't believe it,reaction
We are champions,reaction
This is madness,reaction
I am lost for words,reaction
I just witnessed the craziest goal of my life,reaction
This match is absolutely unbelievable right now,reaction
I cannot stop shaking after that penalty shootout,reaction
We are champions I am crying so hard,reaction
That last second goal destroyed me emotionally,reaction
I am completely speechless after that performance,reaction